{
  "lang":"en",
  "name":"pipeline",
  "version":"0.0.0",
  "spacy_version":">=3.5.1,<3.6.0",
  "description":"",
  "author":"",
  "email":"",
  "url":"",
  "license":"",
  "spacy_git_version":"8153bd573",
  "vectors":{
    "width":0,
    "vectors":0,
    "keys":0,
    "name":null,
    "mode":"default"
  },
  "labels":{
    "tok2vec":[

    ],
    "ner":[
      " DEVELOP",
      "DOMAIN",
      "EDUCATION",
      "EXPERIENCE",
      "LANGUAGE",
      "RESPONSIBILITY",
      "SKILLS",
      "SOFT-SKILLS"
    ]
  },
  "pipeline":[
    "tok2vec",
    "ner"
  ],
  "components":[
    "tok2vec",
    "ner"
  ],
  "disabled":[

  ],
  "performance":{
    "ents_f":0.7757320708,
    "ents_p":0.7777777778,
    "ents_r":0.7736970969,
    "ents_per_type":{
      "SKILLS":{
        "p":0.8013208586,
        "r":0.7986834888,
        "f":0.8
      },
      "EDUCATION":{
        "p":0.7165668663,
        "r":0.8329466357,
        "f":0.7703862661
      },
      "EXPERIENCE":{
        "p":0.8494623656,
        "r":0.8144329897,
        "f":0.8315789474
      },
      "LANGUAGE":{
        "p":0.9408602151,
        "r":1.0,
        "f":0.9695290859
      },
      "RESPONSIBILITY":{
        "p":0.6666666667,
        "r":0.1176470588,
        "f":0.2
      },
      "SOFT-SKILLS":{
        "p":0.7113402062,
        "r":0.8214285714,
        "f":0.7624309392
      },
      " DEVELOP":{
        "p":0.0,
        "r":0.0,
        "f":0.0
      },
      "DOMAIN":{
        "p":0.4897959184,
        "r":0.3116883117,
        "f":0.380952381
      }
    },
    "tok2vec_loss":1379.1459186968,
    "ner_loss":1267.9606572584
  }
}