{
  "lang":"en",
  "name":"pipeline",
  "version":"0.0.0",
  "spacy_version":">=3.5.1,<3.6.0",
  "description":"",
  "author":"",
  "email":"",
  "url":"",
  "license":"",
  "spacy_git_version":"8153bd573",
  "vectors":{
    "width":0,
    "vectors":0,
    "keys":0,
    "name":null,
    "mode":"default"
  },
  "labels":{
    "tok2vec":[

    ],
    "ner":[
      " DEVELOP",
      "DOMAIN",
      "EDUCATION",
      "EXPERIENCE",
      "LANGUAGE",
      "RESPONSIBILITY",
      "SKILLS",
      "SOFT-SKILLS"
    ]
  },
  "pipeline":[
    "tok2vec",
    "ner"
  ],
  "components":[
    "tok2vec",
    "ner"
  ],
  "disabled":[

  ],
  "performance":{
    "ents_f":0.7919034091,
    "ents_p":0.8041831951,
    "ents_r":0.7799930045,
    "ents_per_type":{
      "SKILLS":{
        "p":0.8186356073,
        "r":0.8096544158,
        "f":0.8141202427
      },
      "EDUCATION":{
        "p":0.8215158924,
        "r":0.7795823666,
        "f":0.8
      },
      "EXPERIENCE":{
        "p":0.8666666667,
        "r":0.8041237113,
        "f":0.8342245989
      },
      "LANGUAGE":{
        "p":0.9405405405,
        "r":0.9942857143,
        "f":0.9666666667
      },
      "RESPONSIBILITY":{
        "p":0.0,
        "r":0.0,
        "f":0.0
      },
      "DOMAIN":{
        "p":0.5099009901,
        "r":0.4458874459,
        "f":0.4757505774
      },
      "SOFT-SKILLS":{
        "p":0.75,
        "r":0.75,
        "f":0.75
      },
      " DEVELOP":{
        "p":0.0,
        "r":0.0,
        "f":0.0
      }
    },
    "tok2vec_loss":836.1495371424,
    "ner_loss":1500.0229132407
  }
}